"transaction_reference","card_reference","amount","transaction_type","location","transaction_date"
"CSVTEST-20261005-001","REPLACE-WITH-GENERATED-CARD-REFERENCE","32000.00","Purchase","Adamawa","2026-08-20T09:00:00Z"
"CSVTEST-20261005-002","REPLACE-WITH-GENERATED-CARD-REFERENCE","35500.00","Purchase","Adamawa","2026-08-21T09:00:00Z"
"CSVTEST-20261005-003","REPLACE-WITH-GENERATED-CARD-REFERENCE","29800.00","Purchase","Adamawa","2026-08-22T09:00:00Z"
"CSVTEST-20261005-004","REPLACE-WITH-GENERATED-CARD-REFERENCE","41000.00","Purchase","Adamawa","2026-08-23T09:00:00Z"
"CSVTEST-20261005-005","REPLACE-WITH-GENERATED-CARD-REFERENCE","37500.00","Purchase","Adamawa","2026-08-24T09:00:00Z"
"CSVTEST-20261005-006","REPLACE-WITH-GENERATED-CARD-REFERENCE","33000.00","Purchase","Adamawa","2026-08-25T09:00:00Z"
"CSVTEST-20261005-007","REPLACE-WITH-GENERATED-CARD-REFERENCE","46000.00","Purchase","Adamawa","2026-08-26T09:00:00Z"
"CSVTEST-20261005-008","REPLACE-WITH-GENERATED-CARD-REFERENCE","39000.00","Purchase","Adamawa","2026-08-27T09:00:00Z"
"CSVTEST-20261005-009","REPLACE-WITH-GENERATED-CARD-REFERENCE","34000.00","Purchase","Adamawa","2026-08-28T09:00:00Z"
"CSVTEST-20261005-010","REPLACE-WITH-GENERATED-CARD-REFERENCE","34500.00","Purchase","Adamawa","2026-08-28T09:02:00Z"
"CSVTEST-20261005-011","REPLACE-WITH-GENERATED-CARD-REFERENCE","35000.00","Purchase","Adamawa","2026-08-28T09:04:00Z"
"CSVTEST-20261005-012","REPLACE-WITH-GENERATED-CARD-REFERENCE","35500.00","Purchase","Adamawa","2026-08-28T09:06:00Z"
"CSVTEST-20261005-013","REPLACE-WITH-GENERATED-CARD-REFERENCE","36000.00","Purchase","Adamawa","2026-08-28T09:08:00Z"
"CSVTEST-20261005-014","REPLACE-WITH-GENERATED-CARD-REFERENCE","36000.00","Purchase","Adamawa","2026-08-29T09:00:00Z"
"CSVTEST-20261005-015","REPLACE-WITH-GENERATED-CARD-REFERENCE","42000.00","Purchase","Adamawa","2026-08-30T09:00:00Z"
"CSVTEST-20261005-016","REPLACE-WITH-GENERATED-CARD-REFERENCE","31500.00","Purchase","Adamawa","2026-08-31T09:00:00Z"
"CSVTEST-20261005-017","REPLACE-WITH-GENERATED-CARD-REFERENCE","38500.00","Purchase","Adamawa","2026-09-01T09:00:00Z"
"CSVTEST-20261005-018","REPLACE-WITH-GENERATED-CARD-REFERENCE","36000.00","Purchase","Adamawa","2026-09-02T09:00:00Z"
"CSVTEST-20261005-019","REPLACE-WITH-GENERATED-CARD-REFERENCE","42000.00","Purchase","Gombe","2026-09-03T09:00:00Z"
"CSVTEST-20261005-020","REPLACE-WITH-GENERATED-CARD-REFERENCE","31500.00","Purchase","Adamawa","2026-09-04T09:00:00Z"
"CSVTEST-20261005-021","REPLACE-WITH-GENERATED-CARD-REFERENCE","38500.00","Purchase","Adamawa","2026-09-05T09:00:00Z"
"CSVTEST-20261005-022","REPLACE-WITH-GENERATED-CARD-REFERENCE","36000.00","Purchase","Adamawa","2026-09-06T09:00:00Z"
"CSVTEST-20261005-023","REPLACE-WITH-GENERATED-CARD-REFERENCE","42000.00","Purchase","Jos","2026-09-07T09:00:00Z"
"CSVTEST-20261005-024","REPLACE-WITH-GENERATED-CARD-REFERENCE","31500.00","Purchase","Adamawa","2026-09-08T09:00:00Z"
"CSVTEST-20261005-025","REPLACE-WITH-GENERATED-CARD-REFERENCE","38500.00","Purchase","Adamawa","2026-09-09T09:00:00Z"
"CSVTEST-20261005-026","REPLACE-WITH-GENERATED-CARD-REFERENCE","36000.00","Purchase","Adamawa","2026-09-10T09:00:00Z"
"CSVTEST-20261005-027","REPLACE-WITH-GENERATED-CARD-REFERENCE","42000.00","Purchase","Adamawa","2026-09-11T09:00:00Z"
"CSVTEST-20261005-028","REPLACE-WITH-GENERATED-CARD-REFERENCE","31500.00","Purchase","Adamawa","2026-09-12T09:00:00Z"
"CSVTEST-20261005-029","REPLACE-WITH-GENERATED-CARD-REFERENCE","38500.00","Purchase","Gombe","2026-09-13T09:00:00Z"
"CSVTEST-20261005-030","REPLACE-WITH-GENERATED-CARD-REFERENCE","36000.00","Purchase","Adamawa","2026-09-14T09:00:00Z"
"CSVTEST-20261005-031","REPLACE-WITH-GENERATED-CARD-REFERENCE","42000.00","Purchase","Adamawa","2026-09-15T09:00:00Z"
"CSVTEST-20261005-032","REPLACE-WITH-GENERATED-CARD-REFERENCE","31500.00","Purchase","Adamawa","2026-09-16T09:00:00Z"
"CSVTEST-20261005-033","REPLACE-WITH-GENERATED-CARD-REFERENCE","38500.00","Purchase","Jos","2026-09-17T09:00:00Z"
"CSVTEST-20261005-034","REPLACE-WITH-GENERATED-CARD-REFERENCE","36000.00","Purchase","Adamawa","2026-09-18T09:00:00Z"
"CSVTEST-20261005-035","REPLACE-WITH-GENERATED-CARD-REFERENCE","42000.00","Purchase","Adamawa","2026-09-19T09:00:00Z"
"CSVTEST-20261005-036","REPLACE-WITH-GENERATED-CARD-REFERENCE","31500.00","Purchase","Adamawa","2026-09-20T09:00:00Z"
"CSVTEST-20261005-037","REPLACE-WITH-GENERATED-CARD-REFERENCE","38500.00","Purchase","Adamawa","2026-09-21T09:00:00Z"
"CSVTEST-20261005-038","REPLACE-WITH-GENERATED-CARD-REFERENCE","36000.00","Purchase","Adamawa","2026-09-22T09:00:00Z"
"CSVTEST-20261005-039","REPLACE-WITH-GENERATED-CARD-REFERENCE","42000.00","Purchase","Gombe","2026-09-23T09:00:00Z"
"CSVTEST-20261005-040","REPLACE-WITH-GENERATED-CARD-REFERENCE","900000.00","Travel","Lagos","2026-09-25T09:00:00Z"
